{
    "accuracy": 0.9130434782608695,
    "precision": 0.9456521739130435,
    "f1_score": 0.9159420289855073,
    "recall": 0.9130434782608695,
    "cross_val_score_mean": 0.8813186813186814,
    "cross_val_score_std": 0.0891804112759274
}